Abkhazia, Sukhumi
Afghanistan, Kabul
Albania, Tirana
Algeria, Algiers
American Samoa, Pago Pago
Andorra, Andorra la Vella
Angola, Luanda
Anguilla, The Valley
Antigua and Barbuda, St. John's
Argentina, Buenos Aires
Armenia, Yerevan
Aruba, Oranjestad
Ascension Island, Georgetown
Australia, Canberra
Austria, Vienna
Azerbaijan, Baku
Bahamas, Nassau
Bahrain, Manama
Bangladesh, Dhaka
Barbados, Bridgetown
Belarus, Minsk
Belgium, Brussels
Belize, Belmopan
Benin, Porto-Novo
Bermuda, Hamilton
Bhutan, Thimphu
Bolivia, Sucre
Bolivia, La Paz
Botswana, Gaborone
Brazil, Brasilia
Brunei, Bandar Seri Begawan
Bulgaria, Sofia
Burkina Faso, Ouagadougou
Burundi, Bujumbura
Cambodia, Phnom Penh
Cameroon, Yaounde
Canada, Ottawa
Cape Verde, Praia
Cayman Islands, George Town
Chad, N'Djamena
Chile, Santiago
China, Beijing
Colombia, Bogota
Comoros, Moroni
Cook Islands, Avarua
Costa Rica, San Jose
Croatia, Zagreb
Cuba, Havana
Curaçao, Willemstad
Cyprus, Nicosia
Czech Republic, Prague
Côte d'Ivoire, Yamoussoukro
Denmark, Copenhagen
Djibouti, Djibouti
Dominica, Roseau
East Timor (Timor-Leste), Dili
Easter Island, Hanga Roa
Ecuador, Quito
Egypt, Cairo
El Salvador, San Salvador
Equatorial Guinea, Malabo
Eritrea, Asmara
Estonia, Tallinn
Ethiopia, Addis Ababa
Falkland Islands, Stanley
Faroe Islands, Torshavn
Fiji, Suva
Finland, Helsinki
France, Paris
French Guiana, Cayenne
French Polynesia, Papeete
Gabon, Libreville
Gambia, Banjul
Georgia, Tbilisi
Germany, Berlin
Ghana, Accra
Gibraltar, Gibraltar
Greece, Athens
Greenland, Nuuk
Grenada, St. Georges
Guam, Hagatna
Guatemala, Guatemala City
Guernsey, St. Peter Port
Guinea, Conakry
Guinea-Bissau, Bissau
Guyana, Georgetown
Haiti, Port-au-Prince
Honduras, Tegucigalpa
Hungary, Budapest
Iceland, Reykjavík
India, New Delhi
Indonesia, Jakarta
Iran, Tehran
Iraq, Baghdad
Ireland, Dublin
Isle of Man, Douglas
Israel, Jerusalem
Italy, Rome
Jamaica, Kingston
Japan, Tokyo
Jersey, St. Helier
Jordan, Amman
Kazakhstan, Astana
Kenya, Nairobi
Kiribati, Tarawa
Kosovo, Pristina
Kuwait, Kuwait City
Kyrgyzstan, Bishkek
Laos, Vientiane
Latvia, Riga
Lebanon, Beirut
Lesotho, Maseru
Liberia, Monrovia
Libya, Tripoli
Liechtenstein, Vaduz
Lithuania, Vilnius
Luxembourg, Luxembourg
Macedonia, Skopje
Madagascar, Antananarivo
Malawi, Lilongwe
Malaysia, Kuala Lumpur
Maldives, Male
Mali, Bamako
Malta, Valletta
Marshall Islands, Majuro
Mauritania, Nouakchott
Mauritius, Port Louis
Mexico, Mexico City
Moldova, Chisinau
Monaco, Monaco
Mongolia, Ulaanbaatar
Montenegro, Podgorica
Montserrat, Plymouth
Morocco, Rabat
Mozambique, Maputo
Myanmar, Naypyidaw
Namibia, Windhoek
Nauru, Yaren
Nepal, Kathmandu
Netherlands, Amsterdam
New Caledonia, Noumea
New Zealand, Wellington
Nicaragua, Managua
Niger, Niamey
Nigeria, Abuja
Niue, Alofi
Norfolk Island, Kingston
North Korea, Pyongyang
Northern Cyprus, Nicosia
Northern Ireland, Belfast
Norway, Oslo
Oman, Muscat
Pakistan, Islamabad
Palau, Ngerulmud
Palestine, Jerusalem
Panama, Panama City
Papua New Guinea, Port Moresby
Paraguay, Asuncion
Peru, Lima
Philippines, Manila
Pitcairn Islands, Adamstown
Poland, Warsaw
Portugal, Lisbon
Puerto Rico, San Juan
Qatar, Doha
Romania, Bucharest
Russia, Moscow
Rwanda, Kigali
Saint Barthélemy, Gustavia
Saint Helena, Jamestown
Saint Lucia, Castries
Saint Martin, Marigot
Samoa, Apia
San Marino, San Marino
Saudi Arabia, Riyadh
Scotland, Edinburgh
Senegal, Dakar
Serbia, Belgrade
Seychelles, Victoria
Sierra Leone, Freetown
Singapore, Singapore
Sint Maarten, Philipsburg
Slovakia, Bratislava
Slovenia, Ljubljana
Solomon Islands, Honiara
Somalia, Mogadishu
Somaliland, Hargeisa
South Africa, Pretoria
South Korea, Seoul
South Ossetia, Tskhinvali
South Sudan South Sudan, Juba
Spain, Madrid
Sudan, Khartoum
Suriname, Paramaribo
Swaziland, Mbabane
Sweden, Stockholm
Switzerland, Bern
Syria, Damascus
Sao Tome and Príncipe, Sao Tome
Tajikistan, Dushanbe 
Tanzania, Dodoma
Thailand, Bangkok
Togo, Lome
Tonga, Nuku'alofa
Transnistria, Tiraspol
Tunisia, Tunis
Turkey, Ankara
Turkmenistan, Ashgabat
Tuvalu, Funafuti
Uganda, Kampala
Ukraine, Kiev
United Arab Emirates, Abu Dhabi
England, London
United States, Washington, D.C.
Uruguay, Montevideo
Uzbekistan, Tashkent
Vanuatu, Port Vila
Vatican City, Vatican City
Venezuela, Caracas
Vietnam, Hanoi
Wales, Cardiff
Wallis and Futuna, Mata-Utu
Western Sahara, El Aaiun
Yemen, Sanaa
Zambia, Lusaka
Zimbabwe, Harare 
